Respondent_ID,Jenis Travel,Snorkeling,City Tour,Kuliner,Hiking,Wisata Budaya,Spa,Belanja
1,Grup Travelling,1,1,1,0,0,0,1
2,Grup Travelling,0,1,0,0,0,1,0
3,Grup Travelling,0,0,0,0,0,1,1
4,Grup Travelling,1,0,0,1,1,0,1
5,Solo Travelling,1,1,0,0,0,0,0
6,Solo Travelling,0,0,0,0,1,0,1
7,Solo Travelling,0,1,0,0,1,0,0
8,Solo Travelling,0,0,0,1,1,1,1
9,Grup Travelling,0,0,0,1,1,0,0
10,Solo Travelling,1,1,0,0,0,0,1
11,Solo Travelling,0,1,1,1,0,1,0
12,Grup Travelling,0,0,1,0,0,0,1
13,Solo Travelling,1,0,0,1,0,0,0
14,Solo Travelling,0,0,1,0,0,0,1
15,Grup Travelling,1,0,1,1,0,1,0
16,Solo Travelling,1,0,1,0,1,0,0
17,Grup Travelling,0,1,1,0,1,0,1
18,Solo Travelling,1,1,1,0,0,0,1
19,Solo Travelling,0,1,0,0,0,0,1
20,Solo Travelling,0,0,1,1,0,0,0
21,Grup Travelling,0,1,1,0,0,1,0
22,Solo Travelling,0,1,1,0,0,0,1
23,Grup Travelling,1,1,0,0,0,1,1
24,Solo Travelling,0,1,0,1,0,1,1
25,Solo Travelling,0,0,1,0,1,1,0
26,Grup Travelling,0,0,1,0,0,1,0
27,Grup Travelling,1,1,0,0,0,0,0
28,Grup Travelling,1,0,1,1,0,0,0
29,Solo Travelling,0,0,0,0,1,1,0
30,Solo Travelling,0,1,0,1,0,1,0
31,Grup Travelling,0,1,0,1,0,1,0
32,Grup Travelling,0,1,0,0,1,0,1
33,Solo Travelling,0,0,1,1,1,1,0
34,Solo Travelling,0,1,1,1,1,0,0
35,Solo Travelling,1,0,0,1,1,1,0
36,Solo Travelling,0,1,0,0,0,1,0
37,Solo Travelling,1,0,0,1,1,0,1
38,Grup Travelling,0,0,0,1,1,0,1
39,Grup Travelling,1,0,0,0,1,1,0
40,Solo Travelling,1,0,1,0,1,1,0
41,Grup Travelling,0,1,0,1,0,0,1
42,Grup Travelling,0,0,0,0,0,1,1
43,Grup Travelling,0,1,0,0,1,0,1
44,Solo Travelling,0,0,0,0,0,1,1
45,Grup Travelling,0,0,0,0,1,1,1
46,Grup Travelling,0,1,1,0,0,1,1
47,Grup Travelling,1,0,1,0,1,0,1
48,Grup Travelling,1,0,1,0,0,0,1
49,Grup Travelling,1,1,0,0,0,0,1
50,Grup Travelling,1,0,0,1,0,1,1
51,Solo Travelling,0,1,0,1,0,1,1
52,Grup Travelling,0,1,1,1,1,0,0
53,Solo Travelling,0,0,0,0,1,1,0
54,Grup Travelling,0,1,1,1,0,1,0
55,Solo Travelling,0,0,1,1,1,1,0
56,Solo Travelling,0,1,0,0,0,0,1
57,Grup Travelling,1,0,1,0,0,0,0
58,Solo Travelling,0,1,0,0,1,1,1
59,Solo Travelling,1,0,0,0,0,1,0
60,Solo Travelling,1,1,0,0,1,0,1
61,Grup Travelling,1,1,0,0,1,0,0
62,Grup Travelling,0,1,0,1,0,1,0
63,Grup Travelling,0,1,0,1,1,1,0
64,Grup Travelling,0,0,0,1,0,0,1
65,Solo Travelling,1,1,0,0,0,1,0
66,Grup Travelling,0,0,1,1,1,0,1
67,Solo Travelling,1,0,0,0,0,1,1
68,Solo Travelling,1,0,0,0,1,1,1
69,Grup Travelling,1,0,1,0,0,1,0
70,Grup Travelling,0,1,0,0,0,0,1
71,Grup Travelling,0,1,0,1,0,1,1
72,Solo Travelling,1,1,0,1,0,0,0
73,Grup Travelling,1,0,0,0,1,0,1
74,Grup Travelling,0,0,0,0,1,1,0
75,Grup Travelling,1,1,0,0,0,0,0
76,Grup Travelling,0,0,0,1,0,0,1
77,Grup Travelling,1,1,0,1,0,0,0
78,Solo Travelling,1,0,0,1,0,0,0
79,Grup Travelling,0,0,1,1,0,0,1
80,Grup Travelling,0,0,0,0,1,1,1
81,Solo Travelling,0,1,0,1,1,1,0
82,Grup Travelling,1,1,0,0,1,0,0
83,Grup Travelling,1,0,1,0,1,1,0
84,Grup Travelling,0,0,0,1,1,0,0
85,Solo Travelling,1,1,0,0,1,0,1
86,Solo Travelling,1,1,0,0,1,0,1
87,Solo Travelling,1,1,0,1,0,0,1
88,Solo Travelling,1,1,0,0,1,1,0
89,Solo Travelling,1,0,1,1,1,0,0
90,Solo Travelling,0,1,1,0,0,1,0
91,Grup Travelling,0,0,1,1,0,0,0
92,Solo Travelling,0,0,0,0,0,1,1
93,Solo Travelling,1,0,1,1,0,0,0
94,Grup Travelling,0,0,0,1,1,0,0
95,Solo Travelling,1,1,0,0,1,0,1
96,Grup Travelling,1,1,1,0,0,0,1
97,Grup Travelling,0,0,1,0,0,0,1
98,Grup Travelling,0,0,0,1,1,0,0
99,Solo Travelling,1,0,1,0,1,1,0
100,Grup Travelling,1,0,1,0,1,0,1
101,Grup Travelling,1,0,1,0,0,0,0
102,Grup Travelling,0,0,0,0,1,1,0
103,Grup Travelling,0,0,1,0,0,0,1
104,Solo Travelling,0,1,1,0,0,1,1
105,Grup Travelling,0,0,1,1,1,1,0
106,Grup Travelling,1,0,0,0,0,1,1
107,Grup Travelling,1,0,1,1,1,0,0
108,Solo Travelling,0,1,1,0,0,0,1
109,Grup Travelling,0,0,0,1,0,1,0
110,Grup Travelling,1,0,0,1,1,1,0
111,Solo Travelling,1,0,0,0,0,1,0
112,Solo Travelling,1,0,0,0,1,0,0
113,Solo Travelling,0,1,0,0,1,0,1
114,Grup Travelling,1,1,1,0,0,0,0
115,Grup Travelling,1,0,1,0,0,0,1
116,Solo Travelling,0,1,0,0,0,1,0
117,Solo Travelling,1,0,1,1,1,0,0
118,Grup Travelling,0,1,0,0,1,1,1
119,Solo Travelling,1,0,0,1,0,0,0
120,Solo Travelling,0,0,1,0,0,1,0
121,Solo Travelling,0,1,0,0,0,1,1
122,Grup Travelling,1,1,0,0,0,1,0
123,Solo Travelling,1,0,0,1,0,0,1
124,Solo Travelling,0,1,0,1,0,0,0
125,Grup Travelling,0,1,1,0,0,1,0
126,Grup Travelling,0,1,0,0,0,1,0
127,Solo Travelling,1,0,1,0,0,0,1
128,Grup Travelling,0,0,1,0,1,1,0
129,Grup Travelling,0,0,1,0,1,1,0
130,Grup Travelling,1,0,1,0,0,0,0
131,Solo Travelling,0,0,1,0,1,0,0
132,Solo Travelling,1,0,0,0,1,0,0
133,Grup Travelling,0,0,1,0,0,1,1
134,Solo Travelling,1,0,0,0,1,0,1
135,Grup Travelling,0,1,1,0,1,0,0
136,Grup Travelling,0,0,0,1,0,1,0
137,Grup Travelling,0,0,0,0,1,0,1
138,Grup Travelling,0,1,1,0,0,1,1
139,Solo Travelling,1,0,1,0,0,1,0
140,Grup Travelling,1,0,1,0,0,1,1
141,Solo Travelling,0,0,1,1,0,1,1
142,Grup Travelling,0,0,1,0,1,1,0
143,Grup Travelling,0,1,0,1,0,0,0
144,Solo Travelling,0,1,1,1,0,1,0
145,Solo Travelling,1,0,1,0,1,0,0
146,Grup Travelling,0,1,0,1,1,0,0
147,Solo Travelling,0,0,1,1,1,1,0
148,Grup Travelling,0,1,0,0,1,1,0
149,Solo Travelling,0,1,0,0,0,1,1
150,Grup Travelling,1,0,1,0,1,1,0
151,Solo Travelling,0,1,0,0,0,0,1
152,Grup Travelling,0,1,1,0,1,1,0
153,Solo Travelling,1,1,0,0,0,0,0
154,Solo Travelling,1,0,0,1,1,0,0
155,Solo Travelling,0,1,0,0,1,1,0
156,Solo Travelling,0,0,0,1,1,1,1
157,Solo Travelling,0,1,0,0,0,1,0
158,Grup Travelling,1,1,0,1,0,0,1
159,Grup Travelling,0,0,0,0,0,1,1
160,Grup Travelling,1,1,0,1,1,0,0
161,Solo Travelling,0,1,0,1,0,0,0
162,Solo Travelling,0,0,0,0,1,1,1
163,Grup Travelling,0,0,1,1,1,1,0
164,Solo Travelling,0,1,0,1,1,0,1
165,Solo Travelling,0,1,1,0,0,0,1
166,Solo Travelling,0,1,1,1,0,1,0
167,Grup Travelling,1,0,1,0,0,1,0
168,Grup Travelling,0,0,1,0,0,0,1
169,Solo Travelling,1,1,0,0,1,0,0
170,Grup Travelling,0,1,0,1,0,0,0
171,Grup Travelling,1,1,0,0,0,1,1
172,Solo Travelling,0,0,1,1,1,0,0
173,Solo Travelling,1,1,0,1,0,0,0
174,Solo Travelling,1,0,0,1,1,0,0
175,Solo Travelling,1,0,1,1,0,0,1
176,Grup Travelling,0,0,0,1,0,1,1
177,Solo Travelling,0,1,0,0,1,1,1
178,Solo Travelling,0,1,1,1,0,0,0
179,Solo Travelling,1,0,1,1,0,0,0
180,Grup Travelling,0,1,0,1,0,1,1
181,Solo Travelling,0,0,0,0,1,0,1
182,Grup Travelling,0,0,0,1,1,0,0
183,Grup Travelling,1,0,0,1,0,1,1
184,Grup Travelling,0,0,0,1,0,0,1
185,Solo Travelling,1,0,1,0,0,0,0
186,Grup Travelling,0,1,1,1,0,0,0
187,Grup Travelling,0,0,1,1,0,0,1
188,Solo Travelling,1,0,1,1,0,0,0
189,Grup Travelling,0,0,0,0,1,1,0
190,Solo Travelling,0,1,1,0,0,0,0
191,Grup Travelling,1,0,0,0,1,1,1
192,Grup Travelling,1,1,0,0,0,0,0
193,Grup Travelling,0,1,0,1,0,1,1
194,Solo Travelling,1,1,0,1,1,0,0
195,Solo Travelling,1,1,1,0,0,0,1
196,Grup Travelling,1,0,1,0,0,0,0
197,Solo Travelling,1,0,1,1,1,0,0
198,Solo Travelling,1,1,0,0,0,1,0
199,Grup Travelling,1,1,0,0,0,1,1
200,Solo Travelling,1,0,1,0,1,0,1
201,Solo Travelling,1,0,1,1,0,0,1
202,Solo Travelling,1,0,1,0,1,0,1
203,Solo Travelling,0,0,0,1,0,0,1
204,Grup Travelling,1,0,1,1,0,0,0
205,Solo Travelling,0,1,0,1,0,1,1
206,Grup Travelling,0,0,0,0,1,1,0
207,Solo Travelling,0,0,1,1,1,1,0
208,Solo Travelling,0,0,0,1,1,1,0
209,Solo Travelling,1,1,1,0,0,0,0
210,Grup Travelling,0,1,0,1,0,0,1
211,Solo Travelling,0,0,1,1,1,1,0
212,Solo Travelling,0,0,1,1,0,0,0
213,Grup Travelling,0,1,0,1,0,0,0
214,Grup Travelling,0,0,1,0,0,1,1
215,Solo Travelling,0,0,1,0,1,1,0
216,Grup Travelling,1,1,0,0,1,0,1
217,Grup Travelling,0,0,0,1,0,1,0
218,Grup Travelling,0,1,0,1,1,0,0
219,Solo Travelling,1,0,0,1,0,1,1
220,Grup Travelling,0,1,1,0,0,0,0
221,Grup Travelling,0,1,1,0,0,1,0
222,Solo Travelling,0,0,1,1,1,1,0
223,Solo Travelling,0,0,1,0,1,1,0
224,Grup Travelling,0,0,1,1,0,1,0
225,Solo Travelling,1,1,1,0,0,0,0
226,Solo Travelling,1,1,1,0,0,0,1
227,Solo Travelling,0,1,0,0,0,1,0
228,Grup Travelling,0,0,1,0,1,1,0
229,Grup Travelling,1,1,1,0,1,0,0
230,Solo Travelling,0,1,1,0,0,0,1
231,Grup Travelling,1,0,0,0,1,1,0
232,Solo Travelling,1,0,1,0,0,0,0
233,Grup Travelling,0,0,1,0,1,0,0
234,Solo Travelling,1,1,0,1,0,1,0
235,Solo Travelling,0,0,1,0,1,0,0
236,Grup Travelling,0,0,1,1,0,0,1
237,Solo Travelling,1,0,1,0,0,0,0
238,Solo Travelling,1,0,0,1,0,0,1
239,Grup Travelling,1,0,0,0,1,0,1
240,Solo Travelling,0,1,0,0,1,0,0
241,Grup Travelling,1,1,0,0,0,0,1
242,Grup Travelling,0,1,0,1,1,0,1
243,Grup Travelling,0,0,1,1,0,1,1
244,Solo Travelling,1,0,1,1,1,0,0
245,Grup Travelling,1,1,0,0,1,1,0
246,Solo Travelling,1,1,0,0,0,1,0
247,Solo Travelling,0,1,0,0,1,0,0
248,Grup Travelling,1,1,0,0,0,0,0
249,Solo Travelling,0,0,0,1,1,1,0
250,Grup Travelling,1,1,1,0,0,0,0
251,Grup Travelling,0,0,1,1,0,1,0
252,Solo Travelling,0,1,0,0,0,1,0
253,Solo Travelling,0,0,0,0,1,1,1
254,Solo Travelling,1,1,0,1,0,0,1
255,Solo Travelling,0,1,1,0,0,1,1
256,Grup Travelling,1,0,0,0,0,0,1
257,Grup Travelling,0,0,1,0,0,0,1
258,Grup Travelling,0,0,1,1,1,1,0
259,Grup Travelling,0,0,0,1,0,1,0
260,Grup Travelling,0,0,1,1,0,1,0
261,Grup Travelling,1,0,0,1,1,1,0
262,Grup Travelling,1,0,1,1,1,0,0
263,Solo Travelling,1,1,0,0,0,0,0
264,Solo Travelling,1,0,0,0,1,1,1
265,Grup Travelling,1,0,1,0,1,0,1
266,Solo Travelling,0,0,0,1,1,0,0
267,Solo Travelling,0,1,1,1,0,0,1
268,Grup Travelling,1,0,0,1,0,1,1
269,Grup Travelling,0,0,1,1,0,1,0
270,Solo Travelling,1,1,1,1,0,0,0
271,Solo Travelling,1,0,1,1,0,0,1
272,Solo Travelling,1,0,1,0,0,1,0
273,Grup Travelling,1,0,0,1,1,0,0
274,Grup Travelling,0,0,0,0,1,1,0
275,Solo Travelling,1,1,0,1,0,0,0
276,Solo Travelling,0,0,1,1,1,1,0
277,Solo Travelling,0,1,1,0,0,0,0
278,Grup Travelling,0,1,1,1,1,0,0
279,Solo Travelling,1,0,0,0,0,1,0
280,Grup Travelling,0,1,1,0,0,1,1
281,Grup Travelling,1,0,0,1,1,0,1
282,Solo Travelling,1,0,0,0,0,0,1
283,Grup Travelling,1,1,0,0,0,1,0
284,Solo Travelling,0,0,1,0,1,1,0
285,Grup Travelling,0,0,1,1,1,1,0
286,Solo Travelling,0,0,0,1,1,0,0
287,Grup Travelling,0,1,0,1,0,0,0
288,Grup Travelling,1,1,0,0,1,1,0
289,Solo Travelling,0,0,1,1,0,0,1
290,Solo Travelling,1,0,1,0,1,0,1
291,Grup Travelling,0,1,0,1,1,1,0
292,Grup Travelling,0,0,1,1,1,0,0
293,Solo Travelling,0,0,0,1,1,0,1
294,Solo Travelling,0,1,1,0,0,1,0
295,Grup Travelling,1,1,0,1,0,0,1
296,Grup Travelling,0,0,0,1,0,1,1
297,Grup Travelling,0,1,0,0,0,1,1
298,Grup Travelling,1,1,0,0,1,0,0
299,Grup Travelling,1,0,1,1,0,1,0
300,Solo Travelling,1,1,0,1,0,0,1
301,Solo Travelling,1,1,1,1,0,0,0
302,Solo Travelling,0,0,0,1,1,1,0
303,Solo Travelling,1,0,1,1,1,0,0
304,Grup Travelling,0,0,0,1,0,1,1
305,Solo Travelling,1,1,0,0,1,0,1
306,Solo Travelling,1,1,1,0,0,1,0
307,Grup Travelling,1,0,0,0,0,1,1
308,Grup Travelling,0,1,1,0,0,1,0
309,Grup Travelling,1,0,1,0,0,0,0
310,Grup Travelling,0,0,1,0,0,0,1
311,Grup Travelling,0,1,0,1,0,1,0
312,Grup Travelling,0,1,0,1,1,1,0
313,Solo Travelling,1,0,0,0,1,0,0
314,Solo Travelling,0,1,0,0,1,1,0
315,Solo Travelling,0,1,0,0,1,1,0
316,Solo Travelling,0,0,1,1,0,1,0
317,Solo Travelling,1,0,0,1,0,1,0
318,Solo Travelling,0,1,0,0,1,1,0
319,Solo Travelling,0,0,1,1,0,0,0
320,Solo Travelling,0,0,1,1,0,1,1
321,Grup Travelling,0,1,1,0,0,0,1
322,Grup Travelling,1,0,0,1,0,0,1
323,Solo Travelling,0,0,0,1,1,0,0
324,Solo Travelling,0,0,1,0,1,1,0
325,Grup Travelling,0,0,0,0,0,1,1
326,Grup Travelling,1,0,1,0,1,0,0
327,Grup Travelling,1,0,0,1,0,1,1
328,Solo Travelling,0,1,0,0,1,0,1
329,Solo Travelling,0,1,0,0,0,1,1
330,Grup Travelling,1,1,1,0,0,1,0
331,Solo Travelling,1,0,1,1,0,1,0
332,Grup Travelling,0,0,1,0,1,0,0
333,Solo Travelling,1,1,1,0,1,0,0
334,Solo Travelling,0,1,0,1,1,1,0
335,Solo Travelling,0,0,1,0,1,1,1
336,Grup Travelling,0,0,1,1,0,0,0
337,Grup Travelling,1,0,1,0,0,1,0
338,Grup Travelling,1,1,0,0,0,1,0
339,Grup Travelling,0,0,1,1,0,1,1
340,Solo Travelling,0,0,0,1,0,0,1
341,Solo Travelling,0,0,1,0,1,0,0
342,Solo Travelling,0,0,1,1,0,0,0
343,Grup Travelling,0,0,1,1,0,1,1
344,Grup Travelling,1,1,1,1,0,0,0
345,Solo Travelling,0,0,0,0,1,0,1
346,Solo Travelling,1,1,0,0,1,0,0
347,Grup Travelling,0,0,1,1,0,1,1
348,Grup Travelling,1,1,0,0,0,0,0
349,Grup Travelling,0,0,1,1,0,0,0
350,Solo Travelling,1,1,0,0,0,0,0
351,Solo Travelling,0,1,1,1,0,1,0
352,Solo Travelling,0,0,0,1,1,1,1
353,Grup Travelling,0,1,0,1,0,1,1
354,Solo Travelling,1,0,0,1,1,1,0
355,Solo Travelling,1,0,1,0,0,1,0
356,Solo Travelling,0,0,0,1,0,0,1
357,Grup Travelling,0,0,1,0,0,0,1
358,Solo Travelling,0,0,1,0,0,1,0
359,Grup Travelling,1,0,1,1,0,1,0
360,Solo Travelling,1,1,0,1,0,0,0
361,Solo Travelling,0,1,0,0,0,1,0
362,Grup Travelling,1,0,0,0,1,1,1
363,Grup Travelling,0,1,0,0,1,0,1
364,Grup Travelling,1,0,0,0,1,0,0
365,Solo Travelling,0,1,0,0,1,0,0
366,Grup Travelling,0,1,1,0,0,0,0
367,Grup Travelling,1,1,1,0,1,0,0
368,Grup Travelling,1,1,1,0,1,0,0
369,Grup Travelling,1,0,1,0,0,0,0
370,Grup Travelling,0,0,1,0,1,0,0
371,Solo Travelling,0,1,1,0,0,0,0
372,Solo Travelling,0,1,0,0,0,1,0
373,Solo Travelling,1,0,0,0,1,1,0
374,Grup Travelling,0,0,1,1,1,0,0
375,Grup Travelling,1,1,0,1,1,0,0
376,Solo Travelling,1,0,1,0,1,1,0
377,Grup Travelling,1,0,0,0,0,1,1
378,Grup Travelling,0,0,0,1,0,1,1
379,Grup Travelling,1,0,0,1,0,1,1
380,Grup Travelling,0,0,1,0,1,0,0
381,Solo Travelling,1,1,0,0,0,0,0
382,Grup Travelling,0,0,0,0,1,1,1
383,Grup Travelling,0,0,1,1,0,1,1
384,Solo Travelling,0,0,0,1,1,0,1
385,Solo Travelling,0,0,0,0,0,1,1
386,Grup Travelling,0,0,0,0,0,1,1
387,Grup Travelling,0,1,0,1,1,0,1
388,Grup Travelling,0,1,1,1,0,0,0
389,Solo Travelling,1,0,0,1,0,0,1
390,Grup Travelling,0,0,1,1,0,1,0
391,Solo Travelling,0,1,0,1,0,1,0
392,Grup Travelling,1,0,0,0,0,0,1
393,Solo Travelling,1,0,0,1,0,0,0
394,Grup Travelling,1,1,1,0,0,1,0
395,Solo Travelling,1,0,1,0,1,0,1
396,Grup Travelling,0,0,1,1,0,1,0
397,Solo Travelling,1,0,1,0,1,1,0
398,Solo Travelling,1,0,0,0,1,1,0
399,Solo Travelling,0,1,0,0,0,1,0
400,Grup Travelling,1,1,1,0,0,0,0
401,Grup Travelling,1,1,1,0,0,0,1
402,Solo Travelling,0,0,0,0,1,1,1
403,Grup Travelling,1,0,0,0,1,1,1
404,Solo Travelling,1,0,1,0,0,1,1
405,Grup Travelling,0,0,1,0,0,1,0
406,Solo Travelling,1,0,1,0,0,0,1
407,Grup Travelling,0,1,0,0,0,0,1
408,Grup Travelling,1,1,0,1,0,1,0
409,Solo Travelling,1,1,0,0,0,1,1
410,Grup Travelling,0,0,1,1,0,0,1
411,Solo Travelling,0,0,1,0,0,0,1
412,Grup Travelling,1,0,1,0,1,1,0
413,Solo Travelling,0,1,0,0,0,0,1
414,Solo Travelling,1,0,1,0,0,1,1
415,Solo Travelling,0,0,0,1,0,1,1
416,Grup Travelling,0,1,1,1,0,0,1
417,Grup Travelling,1,0,1,1,0,0,1
418,Grup Travelling,0,0,0,0,1,1,1
419,Solo Travelling,0,0,1,0,1,1,0
420,Grup Travelling,0,1,0,1,0,0,0
421,Solo Travelling,1,1,1,0,0,0,1
422,Grup Travelling,0,1,0,0,0,0,1
423,Solo Travelling,1,0,1,0,0,0,1
424,Solo Travelling,0,0,0,1,0,1,0
425,Grup Travelling,0,1,0,1,0,0,1
426,Solo Travelling,0,1,1,0,1,1,0
427,Solo Travelling,0,0,0,1,0,1,0
428,Grup Travelling,1,0,0,1,0,0,0
429,Grup Travelling,1,0,1,0,1,0,0
430,Solo Travelling,0,0,0,1,1,1,0
431,Grup Travelling,1,0,0,1,0,0,1
432,Solo Travelling,0,1,0,1,1,0,0
433,Grup Travelling,1,0,1,1,0,1,0
434,Grup Travelling,0,0,0,1,1,0,0
435,Grup Travelling,1,0,0,1,1,0,0
436,Grup Travelling,0,1,1,0,0,1,0
437,Grup Travelling,1,1,0,0,0,0,1
438,Grup Travelling,1,1,0,0,1,1,0
439,Solo Travelling,0,1,1,0,0,1,0
440,Grup Travelling,1,1,0,0,0,0,0
441,Solo Travelling,0,1,0,0,1,0,1
442,Solo Travelling,0,0,0,0,0,1,1
443,Grup Travelling,0,1,0,0,0,1,0
444,Solo Travelling,0,0,0,1,1,1,0
445,Solo Travelling,0,0,0,0,1,1,1
446,Solo Travelling,0,0,1,0,0,1,1
447,Solo Travelling,1,0,0,1,0,0,0
448,Solo Travelling,0,0,1,1,0,1,0
449,Solo Travelling,1,0,1,0,1,0,0
450,Grup Travelling,1,0,1,1,1,0,0
451,Grup Travelling,1,0,1,0,0,0,0
452,Solo Travelling,1,0,0,0,0,1,1
453,Grup Travelling,0,0,0,1,1,1,1
454,Solo Travelling,1,0,0,1,1,1,0
455,Solo Travelling,0,1,1,1,0,1,0
456,Solo Travelling,1,1,0,1,0,1,0
457,Grup Travelling,1,0,0,0,1,1,0
458,Solo Travelling,1,1,0,1,0,0,1
459,Solo Travelling,0,0,0,0,1,1,1
460,Solo Travelling,0,0,1,0,0,0,1
461,Solo Travelling,0,0,1,1,0,0,1
462,Solo Travelling,1,0,1,0,1,1,0
463,Grup Travelling,1,0,0,1,1,0,0
464,Grup Travelling,0,0,1,0,1,1,0
465,Grup Travelling,1,0,1,0,0,0,0
466,Grup Travelling,0,1,1,0,1,1,0
467,Solo Travelling,0,1,0,1,0,1,1
468,Grup Travelling,1,0,1,1,0,1,0
469,Grup Travelling,1,1,1,0,0,0,1
470,Solo Travelling,0,0,1,1,1,1,0
471,Grup Travelling,0,0,1,0,0,0,1
472,Grup Travelling,0,1,1,0,0,0,0
473,Solo Travelling,0,1,0,0,0,1,1
474,Solo Travelling,1,0,1,0,0,0,0
475,Grup Travelling,0,0,0,0,1,0,1
476,Solo Travelling,1,1,1,0,1,0,0
477,Solo Travelling,0,1,0,1,1,1,0
478,Solo Travelling,0,1,0,1,1,0,1
479,Solo Travelling,0,0,1,1,0,0,0
480,Grup Travelling,0,1,1,1,0,1,0
481,Solo Travelling,0,1,0,1,1,0,1
482,Grup Travelling,0,1,0,1,0,0,1
483,Grup Travelling,0,0,0,1,1,1,0
484,Solo Travelling,0,0,1,1,0,0,1
485,Solo Travelling,0,1,0,1,1,0,1
486,Solo Travelling,1,1,1,1,0,0,0
487,Solo Travelling,1,0,0,0,1,0,1
488,Solo Travelling,1,0,1,0,0,0,0
489,Grup Travelling,0,0,1,1,0,0,0
490,Solo Travelling,1,1,0,1,0,0,1
491,Grup Travelling,1,0,1,1,0,0,0
492,Grup Travelling,0,0,0,1,1,0,0
493,Solo Travelling,1,1,0,1,0,0,0
494,Grup Travelling,1,1,1,0,0,0,0
495,Grup Travelling,0,0,0,0,0,1,1
496,Solo Travelling,1,1,1,0,0,1,0
497,Grup Travelling,0,1,0,1,0,0,1
498,Solo Travelling,1,0,0,1,1,0,1
499,Solo Travelling,1,0,1,0,0,0,0
500,Grup Travelling,0,1,0,0,0,0,1
501,Grup Travelling,0,0,0,1,1,1,1
502,Grup Travelling,0,0,1,0,0,0,1
503,Grup Travelling,1,0,1,0,0,0,0
504,Grup Travelling,0,1,0,1,0,0,0
505,Solo Travelling,1,0,0,1,1,0,1
506,Grup Travelling,0,0,0,1,0,0,1
507,Grup Travelling,1,1,0,0,1,0,1
508,Grup Travelling,1,1,1,1,0,0,0
509,Solo Travelling,0,1,1,1,1,0,0
510,Grup Travelling,0,0,0,0,0,1,1
511,Solo Travelling,0,0,1,0,1,0,0
512,Solo Travelling,0,0,0,0,1,0,1
513,Grup Travelling,1,0,0,0,1,1,1
514,Solo Travelling,1,0,0,1,0,0,1
515,Solo Travelling,1,0,1,1,0,1,0
516,Grup Travelling,1,0,1,0,0,0,1
517,Grup Travelling,0,0,0,0,0,1,1
518,Solo Travelling,1,1,1,0,1,0,0
519,Grup Travelling,0,0,1,0,1,0,0
520,Solo Travelling,0,1,0,0,0,1,1
521,Solo Travelling,0,1,0,1,0,1,1
522,Grup Travelling,1,0,0,0,0,1,0
523,Solo Travelling,1,1,1,0,0,0,0
524,Grup Travelling,0,1,0,0,0,0,1
525,Solo Travelling,0,0,1,0,0,0,1
526,Solo Travelling,0,0,1,1,1,0,1
527,Grup Travelling,0,0,0,0,0,1,1
528,Solo Travelling,0,0,1,0,0,0,1
529,Solo Travelling,0,0,0,0,0,1,1
530,Grup Travelling,1,0,1,0,0,0,1
531,Solo Travelling,0,0,0,1,0,1,1
532,Solo Travelling,0,1,1,1,0,0,0
533,Solo Travelling,0,0,1,1,1,1,0
534,Grup Travelling,0,0,0,1,0,1,0
535,Solo Travelling,0,0,0,1,1,0,0
536,Grup Travelling,0,0,1,0,1,0,0
537,Solo Travelling,1,0,1,0,0,0,1
538,Solo Travelling,0,0,1,1,1,0,1
539,Solo Travelling,0,0,0,1,0,1,0
540,Solo Travelling,1,0,1,1,0,0,0
541,Solo Travelling,1,0,1,1,1,0,0
542,Grup Travelling,0,1,1,1,0,1,0
543,Grup Travelling,0,1,0,0,1,0,0
544,Solo Travelling,1,1,0,1,0,0,1
545,Solo Travelling,0,1,0,0,0,1,0
546,Solo Travelling,0,0,1,1,1,0,0
547,Solo Travelling,0,1,0,0,1,0,0
548,Solo Travelling,0,0,1,1,0,1,1
549,Grup Travelling,0,1,0,0,1,0,0
550,Grup Travelling,0,0,1,1,1,0,1
551,Grup Travelling,1,0,0,0,0,0,1
552,Grup Travelling,0,1,0,1,1,1,0
553,Solo Travelling,1,0,1,1,0,1,0
554,Grup Travelling,0,0,1,0,1,0,0
555,Grup Travelling,1,1,0,1,0,1,0
556,Solo Travelling,0,1,0,1,0,0,0
557,Grup Travelling,1,0,1,1,1,0,0
558,Solo Travelling,1,0,1,0,1,1,0
559,Solo Travelling,0,1,0,0,0,1,1
560,Grup Travelling,1,1,0,0,1,0,0
561,Grup Travelling,0,1,0,0,0,0,1
562,Grup Travelling,0,0,0,1,0,0,1
563,Solo Travelling,0,0,1,0,1,0,0
564,Grup Travelling,0,1,1,1,1,0,0
565,Grup Travelling,1,0,1,1,0,0,1
566,Grup Travelling,0,0,0,1,1,1,1
567,Solo Travelling,1,0,0,0,1,0,1
568,Solo Travelling,0,0,1,0,0,1,0
569,Grup Travelling,0,0,0,1,0,0,1
570,Grup Travelling,0,1,1,0,1,0,1
571,Solo Travelling,0,0,0,1,1,0,0
572,Solo Travelling,1,0,0,0,0,0,1
573,Solo Travelling,0,1,1,0,1,0,1
574,Solo Travelling,0,1,1,0,0,1,0
575,Grup Travelling,1,1,1,0,0,0,1
576,Solo Travelling,0,1,1,0,1,1,0
577,Solo Travelling,1,1,0,0,1,0,1
578,Solo Travelling,0,1,1,0,1,1,0
579,Grup Travelling,1,0,0,0,1,1,1
580,Grup Travelling,0,1,1,0,1,0,1
581,Solo Travelling,1,0,0,1,1,0,1
582,Solo Travelling,0,0,1,1,1,1,0
583,Solo Travelling,0,0,0,0,0,1,1
584,Solo Travelling,1,0,1,1,0,0,0
585,Grup Travelling,1,1,0,1,1,0,0
586,Grup Travelling,0,1,1,1,0,0,0
587,Grup Travelling,0,1,1,0,1,1,0
588,Solo Travelling,0,1,1,0,1,0,0
589,Solo Travelling,1,1,1,1,0,0,0
590,Grup Travelling,0,0,1,1,0,0,0
591,Solo Travelling,1,1,0,0,0,0,0
592,Grup Travelling,0,0,1,1,0,0,0
593,Grup Travelling,0,1,1,1,0,1,0
594,Solo Travelling,0,1,1,0,1,1,0
595,Grup Travelling,0,0,0,1,1,1,0
596,Grup Travelling,1,0,0,1,0,1,0
597,Solo Travelling,0,1,0,1,1,0,0
598,Solo Travelling,0,0,1,0,1,0,0
599,Solo Travelling,1,0,1,0,0,0,0
600,Grup Travelling,0,0,0,1,1,1,0
601,Solo Travelling,1,0,0,0,1,1,0
602,Solo Travelling,0,1,1,0,0,1,0
603,Solo Travelling,1,0,1,1,0,0,0
604,Solo Travelling,0,0,0,0,1,0,1
605,Solo Travelling,0,0,1,0,1,0,0
606,Solo Travelling,1,0,0,1,1,0,0
607,Solo Travelling,0,0,1,0,1,0,1
608,Solo Travelling,1,1,0,0,1,1,0
609,Grup Travelling,0,0,1,1,0,0,0
610,Grup Travelling,0,1,1,0,1,0,0
611,Grup Travelling,0,0,0,0,1,0,1
612,Solo Travelling,1,0,0,0,1,1,0
613,Grup Travelling,0,1,0,0,0,1,0
614,Grup Travelling,0,0,0,1,1,0,1
615,Solo Travelling,0,1,0,0,1,1,0
616,Grup Travelling,0,0,1,0,1,0,0
617,Solo Travelling,0,1,0,1,1,0,0
618,Grup Travelling,0,0,1,0,1,1,1
619,Solo Travelling,0,0,0,1,1,1,1
620,Grup Travelling,1,0,1,1,1,0,0
621,Grup Travelling,1,0,1,0,0,1,0
622,Grup Travelling,1,0,1,0,1,0,0
623,Solo Travelling,0,1,1,1,1,0,0
624,Solo Travelling,1,1,0,1,1,0,0
625,Solo Travelling,0,0,0,1,1,1,1
626,Solo Travelling,0,0,0,0,0,1,1
627,Grup Travelling,1,0,0,0,1,0,0
628,Solo Travelling,1,1,0,1,0,0,1
629,Grup Travelling,0,1,0,1,0,0,1
630,Solo Travelling,0,1,0,1,1,1,0
631,Solo Travelling,1,1,0,0,1,1,0
632,Solo Travelling,0,0,1,1,1,1,0
633,Grup Travelling,0,1,0,1,1,0,0
634,Solo Travelling,0,0,1,0,1,1,0
635,Solo Travelling,0,1,1,1,0,1,0
636,Grup Travelling,0,1,1,0,1,0,1
637,Solo Travelling,0,1,1,1,0,1,0
638,Solo Travelling,0,0,1,0,1,0,1
639,Grup Travelling,1,0,0,0,1,1,0
640,Grup Travelling,0,1,1,1,0,0,0
641,Solo Travelling,1,0,1,0,0,0,1
642,Grup Travelling,0,0,1,1,0,1,0
643,Solo Travelling,0,1,1,1,0,1,0
644,Solo Travelling,1,1,1,0,0,1,0
645,Grup Travelling,0,1,0,0,1,1,1
646,Grup Travelling,0,0,0,0,1,1,0
647,Solo Travelling,0,1,0,0,0,1,0
648,Solo Travelling,1,0,0,1,0,0,0
649,Grup Travelling,1,0,0,1,0,1,0
650,Grup Travelling,1,1,0,0,0,1,1
651,Grup Travelling,0,0,0,1,0,1,1
652,Solo Travelling,0,1,1,0,1,1,0
653,Solo Travelling,1,1,0,0,1,0,1
654,Grup Travelling,1,1,0,0,0,1,1
655,Solo Travelling,1,1,0,0,0,0,1
656,Solo Travelling,0,1,0,1,0,0,1
657,Grup Travelling,1,0,1,0,1,0,1
658,Solo Travelling,1,0,0,0,1,0,1
659,Grup Travelling,0,0,1,1,1,0,0
660,Grup Travelling,0,1,0,1,1,0,1
661,Grup Travelling,1,1,1,0,0,0,0
662,Solo Travelling,0,0,0,1,0,1,0
663,Solo Travelling,1,1,1,0,0,1,0
664,Grup Travelling,0,1,1,0,1,0,1
665,Grup Travelling,0,0,0,0,1,1,0
666,Grup Travelling,0,0,0,1,1,0,1
667,Grup Travelling,1,0,0,1,0,0,1
668,Grup Travelling,0,1,0,1,0,0,0
669,Solo Travelling,1,1,1,0,0,0,0
670,Solo Travelling,0,1,1,1,0,0,0
671,Grup Travelling,0,0,1,0,1,1,0
672,Solo Travelling,0,0,1,0,0,1,0
673,Solo Travelling,1,1,0,0,0,1,0
674,Grup Travelling,1,1,1,1,0,0,0
675,Grup Travelling,0,0,1,0,1,1,0
676,Solo Travelling,1,0,1,0,1,1,0
677,Solo Travelling,0,1,0,1,0,1,1
678,Grup Travelling,0,0,0,1,0,1,0
679,Grup Travelling,0,0,1,1,1,1,0
680,Grup Travelling,0,1,0,0,1,1,1
681,Grup Travelling,1,0,0,1,1,0,1
682,Solo Travelling,1,0,1,0,1,1,0
683,Grup Travelling,0,0,0,0,1,0,1
684,Grup Travelling,0,1,0,0,1,1,1
685,Grup Travelling,0,0,1,0,1,0,0
686,Grup Travelling,1,1,0,0,0,1,0
687,Solo Travelling,1,0,0,1,1,1,0
688,Grup Travelling,0,1,0,1,0,0,0
689,Grup Travelling,1,0,0,1,1,0,1
690,Grup Travelling,1,0,1,1,0,1,0
691,Solo Travelling,1,1,1,0,0,0,0
692,Solo Travelling,1,0,1,1,0,0,1
693,Grup Travelling,1,0,0,0,1,1,1
694,Solo Travelling,1,0,1,1,0,0,0
695,Solo Travelling,0,1,0,0,0,0,1
696,Grup Travelling,0,0,1,1,0,1,1
697,Solo Travelling,0,0,0,1,0,1,1
698,Grup Travelling,0,0,0,0,0,1,1
699,Solo Travelling,1,1,1,0,0,1,0
700,Grup Travelling,0,0,0,1,1,0,0
701,Solo Travelling,1,1,0,0,0,1,1
702,Solo Travelling,0,0,1,1,0,0,0
703,Grup Travelling,0,0,0,1,1,1,1
704,Grup Travelling,0,1,0,1,0,0,0
705,Solo Travelling,0,1,1,0,0,0,1
706,Solo Travelling,1,0,0,1,0,1,1
707,Grup Travelling,1,1,0,0,1,0,1
708,Solo Travelling,1,0,0,0,1,0,0
709,Grup Travelling,0,0,0,1,1,0,0
710,Solo Travelling,1,1,0,0,0,1,1
711,Solo Travelling,0,1,0,1,1,0,0
712,Grup Travelling,1,0,0,0,0,0,1
713,Solo Travelling,0,0,1,0,1,0,0
714,Grup Travelling,0,0,0,0,0,1,1
715,Solo Travelling,0,0,1,0,1,1,1
716,Solo Travelling,0,1,1,0,0,0,0
717,Solo Travelling,0,1,1,1,1,0,0
718,Grup Travelling,1,0,0,0,1,1,0
719,Solo Travelling,0,1,0,1,1,1,0
720,Grup Travelling,0,0,1,0,0,1,0
721,Grup Travelling,0,0,1,1,1,0,1
722,Solo Travelling,0,1,1,1,0,0,0
723,Solo Travelling,0,0,0,0,1,0,1
724,Grup Travelling,0,1,1,0,0,0,1
725,Solo Travelling,1,1,0,1,0,1,0
726,Grup Travelling,0,1,0,0,1,0,1
727,Solo Travelling,0,1,1,0,0,0,1
728,Grup Travelling,1,0,0,1,0,1,0
729,Grup Travelling,1,1,0,0,1,0,0
730,Solo Travelling,0,0,1,1,0,0,0
731,Grup Travelling,1,0,0,0,1,1,1
732,Grup Travelling,0,0,0,0,1,0,1
733,Grup Travelling,0,1,0,1,1,1,0
734,Grup Travelling,0,0,1,0,0,0,1
735,Solo Travelling,1,1,0,0,0,1,0
736,Solo Travelling,1,1,0,1,0,1,0
737,Grup Travelling,0,1,0,1,1,1,0
738,Solo Travelling,0,0,1,0,1,0,0
739,Grup Travelling,0,0,0,1,1,0,1
740,Grup Travelling,0,0,1,0,1,1,1
741,Solo Travelling,1,0,0,1,0,1,1
742,Solo Travelling,0,1,1,0,0,1,0
743,Solo Travelling,1,1,0,0,1,0,0
744,Grup Travelling,1,1,1,1,0,0,0
745,Solo Travelling,0,1,1,0,0,0,1
746,Grup Travelling,0,0,0,1,1,0,0
747,Grup Travelling,0,0,0,1,1,0,0
748,Solo Travelling,0,0,1,1,0,1,1
749,Solo Travelling,0,0,0,1,1,1,1
750,Grup Travelling,0,0,1,0,0,1,0
751,Solo Travelling,0,1,0,0,0,1,0
752,Grup Travelling,1,1,0,1,1,0,0
753,Solo Travelling,1,0,0,0,1,1,1
754,Solo Travelling,0,1,0,0,0,1,1
755,Grup Travelling,0,1,0,0,0,1,0
756,Grup Travelling,0,1,0,0,1,0,0
757,Solo Travelling,1,0,1,0,1,0,0
758,Grup Travelling,0,0,0,1,1,1,1
759,Solo Travelling,1,0,0,0,1,0,0
760,Solo Travelling,1,0,1,1,0,1,0
761,Grup Travelling,1,0,1,1,1,0,0
762,Grup Travelling,1,0,0,0,0,0,1
763,Grup Travelling,0,1,1,0,0,1,1
764,Solo Travelling,1,0,1,1,0,0,0
765,Grup Travelling,0,0,0,1,1,0,1
766,Solo Travelling,0,1,0,0,0,1,0
767,Solo Travelling,1,0,0,0,0,1,1
768,Solo Travelling,0,0,0,1,0,0,1
769,Solo Travelling,1,0,0,1,1,0,0
770,Grup Travelling,1,1,0,0,0,1,1
771,Solo Travelling,0,0,1,1,0,0,1
772,Grup Travelling,1,0,0,0,1,1,1
773,Grup Travelling,0,1,0,0,0,1,0
774,Grup Travelling,1,0,1,1,1,0,0
775,Solo Travelling,1,0,1,0,1,1,0
776,Solo Travelling,0,0,1,0,0,0,1
777,Solo Travelling,0,1,0,0,1,0,0
778,Solo Travelling,0,0,0,0,0,1,1
779,Solo Travelling,1,1,1,0,0,0,0
780,Grup Travelling,0,1,1,1,1,0,0
781,Solo Travelling,0,1,0,0,0,1,1
782,Grup Travelling,1,0,1,0,1,1,0
783,Solo Travelling,1,0,0,1,0,0,0
784,Solo Travelling,1,0,0,0,0,0,1
785,Grup Travelling,0,0,0,0,1,1,1
786,Solo Travelling,1,0,1,0,0,0,1
787,Grup Travelling,0,1,1,1,0,1,0
788,Solo Travelling,0,0,0,1,1,1,0
789,Solo Travelling,0,0,0,0,1,1,0
790,Solo Travelling,1,0,1,1,1,0,0
791,Grup Travelling,1,0,0,0,0,1,0
792,Grup Travelling,0,1,1,0,0,0,0
793,Grup Travelling,0,1,0,0,0,1,1
794,Solo Travelling,1,0,1,1,0,1,0
795,Grup Travelling,1,0,1,0,0,0,0
796,Solo Travelling,1,0,1,0,0,0,1
797,Solo Travelling,1,1,0,0,0,0,0
798,Grup Travelling,0,0,0,1,1,1,0
799,Grup Travelling,1,0,0,1,1,1,0
800,Grup Travelling,1,0,0,0,1,0,1
801,Solo Travelling,1,0,1,1,0,0,1
802,Grup Travelling,1,0,0,1,0,0,1
803,Grup Travelling,0,1,0,0,1,1,1
804,Grup Travelling,0,1,1,1,0,1,0
805,Solo Travelling,0,1,1,1,0,0,0
806,Solo Travelling,0,1,0,1,0,0,0
807,Grup Travelling,0,0,1,1,0,0,1
808,Grup Travelling,0,0,1,0,0,0,1
809,Solo Travelling,0,0,0,0,0,1,1
810,Grup Travelling,0,1,0,0,1,0,1
811,Grup Travelling,1,1,1,0,0,0,0
812,Solo Travelling,0,0,1,1,0,0,0
813,Solo Travelling,0,0,1,1,0,1,1
814,Solo Travelling,0,0,0,0,1,1,1
815,Grup Travelling,0,0,1,0,0,0,1
816,Grup Travelling,0,1,1,1,0,1,0
817,Grup Travelling,0,0,1,1,0,0,0
818,Grup Travelling,0,0,0,1,0,1,1
819,Solo Travelling,0,1,1,1,0,0,1
820,Grup Travelling,0,0,1,1,0,0,1
821,Solo Travelling,0,1,0,0,1,0,0
822,Grup Travelling,1,1,0,0,1,0,1
823,Grup Travelling,0,1,0,1,0,1,1
824,Grup Travelling,1,0,0,0,0,1,1
825,Solo Travelling,0,1,0,1,0,1,0
826,Grup Travelling,0,1,1,0,0,1,1
827,Grup Travelling,1,0,0,1,0,1,1
828,Grup Travelling,0,0,0,1,1,1,1
829,Grup Travelling,1,0,1,0,1,0,1
830,Solo Travelling,0,1,0,0,0,0,1
831,Solo Travelling,1,1,1,0,0,1,0
832,Grup Travelling,0,0,1,1,0,1,1
833,Grup Travelling,1,0,0,0,0,1,1
834,Grup Travelling,0,1,0,0,1,1,0
835,Solo Travelling,0,1,0,0,1,1,1
836,Grup Travelling,0,0,1,1,0,1,0
837,Solo Travelling,0,1,0,0,1,1,1
838,Solo Travelling,1,0,0,1,0,0,1
839,Solo Travelling,1,0,0,1,0,1,0
840,Grup Travelling,0,1,1,0,1,1,0
841,Solo Travelling,0,1,0,0,1,0,1
842,Grup Travelling,1,0,1,1,0,0,0
843,Grup Travelling,0,0,0,1,0,1,1
844,Solo Travelling,1,0,1,0,0,0,1
845,Solo Travelling,1,0,1,0,0,1,1
846,Grup Travelling,0,1,0,0,1,1,1
847,Solo Travelling,0,1,1,1,1,0,0
848,Grup Travelling,0,1,0,1,0,0,1
849,Solo Travelling,0,0,0,0,0,1,1
850,Solo Travelling,1,0,0,1,1,0,0
851,Solo Travelling,0,0,0,1,1,0,0
852,Solo Travelling,1,1,0,1,0,0,0
853,Grup Travelling,0,0,1,0,0,1,0
854,Grup Travelling,1,0,0,0,1,0,0
855,Grup Travelling,0,1,1,0,0,1,1
856,Grup Travelling,1,0,1,1,0,0,0
857,Grup Travelling,0,0,1,1,1,1,0
858,Solo Travelling,1,0,1,1,1,0,0
859,Solo Travelling,0,0,0,1,1,0,1
860,Solo Travelling,0,0,0,0,0,1,1
861,Grup Travelling,1,0,1,0,1,0,1
862,Grup Travelling,1,1,1,0,0,0,1
863,Grup Travelling,1,1,1,0,0,0,0
864,Grup Travelling,0,1,0,1,1,1,0
865,Solo Travelling,0,1,0,1,1,1,0
866,Solo Travelling,0,0,0,1,0,1,0
867,Solo Travelling,0,1,0,0,1,1,1
868,Grup Travelling,0,1,1,0,0,1,0
869,Grup Travelling,0,0,0,1,1,0,1
870,Solo Travelling,0,0,1,0,0,0,1
871,Solo Travelling,0,1,0,1,0,0,0
872,Grup Travelling,0,0,0,1,0,0,1
873,Grup Travelling,0,0,0,1,1,1,1
874,Solo Travelling,0,0,0,1,1,1,1
875,Solo Travelling,1,0,0,0,1,0,0
876,Solo Travelling,0,1,0,0,0,0,1
877,Solo Travelling,1,1,1,0,0,0,0
878,Solo Travelling,0,1,1,1,1,0,0
879,Grup Travelling,1,0,0,0,1,1,1
880,Solo Travelling,0,0,1,0,1,0,1
881,Solo Travelling,1,1,0,1,0,0,1
882,Grup Travelling,1,1,0,0,0,1,0
883,Solo Travelling,1,0,0,1,0,0,1
884,Grup Travelling,1,0,1,1,0,0,0
885,Solo Travelling,0,1,0,0,0,0,1
886,Grup Travelling,0,0,0,0,0,1,1
887,Grup Travelling,0,0,1,1,1,1,0
888,Solo Travelling,0,1,0,0,1,0,0
889,Grup Travelling,0,1,0,0,0,0,1
890,Grup Travelling,0,0,1,0,1,0,0
891,Solo Travelling,0,1,1,0,1,1,0
892,Solo Travelling,0,0,1,0,0,1,1
893,Solo Travelling,1,1,1,0,1,0,0
894,Solo Travelling,1,1,1,0,0,0,0
895,Solo Travelling,0,1,0,0,1,1,1
896,Grup Travelling,0,1,1,1,1,0,0
897,Solo Travelling,0,0,0,0,1,1,0
898,Grup Travelling,0,0,0,1,0,1,1
899,Solo Travelling,1,0,0,0,0,1,1
900,Grup Travelling,0,0,1,0,1,1,0
901,Grup Travelling,0,0,1,1,0,1,1
902,Grup Travelling,1,0,0,1,0,1,1
903,Solo Travelling,1,0,1,0,0,1,1
904,Solo Travelling,0,1,0,1,0,1,1
905,Grup Travelling,0,0,1,0,0,1,1
906,Solo Travelling,0,1,0,0,1,0,1
907,Solo Travelling,1,0,1,1,0,0,1
908,Grup Travelling,1,0,0,0,0,1,0
909,Grup Travelling,1,1,0,0,0,0,1
910,Grup Travelling,1,0,0,1,0,0,1
911,Solo Travelling,0,1,0,0,0,1,0
912,Solo Travelling,1,1,1,0,0,0,1
913,Grup Travelling,1,0,1,0,0,1,1
914,Solo Travelling,1,1,0,1,0,1,0
915,Solo Travelling,0,1,1,1,0,1,0
916,Grup Travelling,1,0,0,0,1,1,1
917,Solo Travelling,1,0,0,1,0,0,0
918,Solo Travelling,0,1,0,0,1,0,0
919,Grup Travelling,1,0,0,1,1,1,0
920,Grup Travelling,1,1,1,1,0,0,0
921,Grup Travelling,1,1,0,1,0,0,0
922,Grup Travelling,1,0,0,0,0,1,0
923,Solo Travelling,0,0,1,0,0,0,1
924,Solo Travelling,0,1,0,1,0,0,1
925,Grup Travelling,1,1,0,0,1,1,0
926,Grup Travelling,0,1,1,1,0,1,0
927,Solo Travelling,0,1,0,1,0,1,1
928,Grup Travelling,1,1,0,1,0,1,0
929,Grup Travelling,1,1,0,0,0,0,0
930,Solo Travelling,0,0,1,1,0,1,1
931,Grup Travelling,0,1,0,0,0,1,1
932,Grup Travelling,1,1,0,0,0,1,0
933,Solo Travelling,0,0,1,0,1,1,1
934,Grup Travelling,1,1,1,0,0,1,0
935,Solo Travelling,0,1,0,1,1,0,1
936,Solo Travelling,1,1,0,0,0,1,0
937,Solo Travelling,1,1,0,1,0,0,0
938,Grup Travelling,1,0,0,0,1,1,0
939,Solo Travelling,1,1,1,0,0,1,0
940,Solo Travelling,0,0,0,1,1,0,1
941,Solo Travelling,0,1,0,0,1,1,0
942,Solo Travelling,1,0,0,0,0,1,1
943,Solo Travelling,1,1,1,0,0,0,1
944,Grup Travelling,1,0,0,1,0,0,0
945,Solo Travelling,0,0,1,1,1,1,0
946,Grup Travelling,1,0,0,1,0,1,0
947,Grup Travelling,0,1,0,0,1,1,1
948,Grup Travelling,1,0,1,0,0,0,1
949,Grup Travelling,0,1,1,0,1,0,1
950,Solo Travelling,1,0,0,0,1,1,0
951,Solo Travelling,0,1,0,1,0,1,0
952,Solo Travelling,1,1,0,0,0,0,0
953,Grup Travelling,1,0,0,1,1,0,0
954,Solo Travelling,1,1,1,0,0,0,1
955,Solo Travelling,0,1,0,0,0,1,0
956,Grup Travelling,1,1,1,1,0,0,0
957,Solo Travelling,0,1,1,0,1,1,0
958,Solo Travelling,0,1,1,0,0,1,0
959,Grup Travelling,1,0,1,1,0,0,1
960,Grup Travelling,1,0,1,0,1,0,0
961,Grup Travelling,1,0,0,1,1,1,0
962,Solo Travelling,1,0,1,0,1,0,0
963,Grup Travelling,0,1,0,0,1,0,1
964,Grup Travelling,1,1,1,0,0,0,0
965,Grup Travelling,1,1,0,0,0,1,1
966,Grup Travelling,1,0,0,0,1,1,1
967,Solo Travelling,1,0,0,1,0,0,0
968,Grup Travelling,0,1,0,1,0,1,0
969,Grup Travelling,0,0,0,0,1,1,0
970,Solo Travelling,0,1,1,1,0,1,0
971,Solo Travelling,0,0,0,1,0,1,0
972,Solo Travelling,1,0,1,0,1,0,0
973,Solo Travelling,1,0,0,0,1,0,1
974,Grup Travelling,0,1,0,0,1,0,0
975,Grup Travelling,1,0,0,1,0,0,0
976,Grup Travelling,0,0,1,0,0,1,1
977,Grup Travelling,1,0,0,1,1,0,0
978,Grup Travelling,0,1,1,0,0,0,0
979,Grup Travelling,0,0,1,0,1,0,1
980,Solo Travelling,0,0,1,1,0,0,0
981,Solo Travelling,0,1,0,1,1,1,0
982,Solo Travelling,1,0,0,1,0,0,0
983,Grup Travelling,0,1,0,0,1,0,0
984,Solo Travelling,1,0,0,0,0,1,1
985,Grup Travelling,1,0,0,1,0,1,0
986,Solo Travelling,1,1,1,0,0,1,0
987,Solo Travelling,1,1,0,1,0,1,0
988,Solo Travelling,0,0,1,0,0,1,0
989,Solo Travelling,1,1,0,0,0,0,0
990,Solo Travelling,0,0,1,1,0,1,1
991,Solo Travelling,1,1,0,0,1,0,1
992,Grup Travelling,1,0,0,1,1,0,1
993,Solo Travelling,0,1,0,0,0,1,1
994,Grup Travelling,0,0,1,1,0,0,1
995,Grup Travelling,0,0,1,0,1,1,1
996,Grup Travelling,1,1,1,0,0,0,0
997,Solo Travelling,0,1,0,0,1,0,0
998,Solo Travelling,1,1,0,0,0,0,0
999,Solo Travelling,0,0,0,1,0,0,1
1000,Grup Travelling,1,0,0,1,1,0,0
1001,Grup Travelling,0,1,0,1,0,0,1
1002,Solo Travelling,1,0,1,1,0,0,0
1003,Solo Travelling,0,1,0,0,0,1,0
1004,Grup Travelling,0,0,0,0,1,1,1
1005,Grup Travelling,0,1,1,0,0,0,0
1006,Solo Travelling,1,0,0,0,0,1,0
1007,Grup Travelling,0,0,1,1,0,0,0
1008,Solo Travelling,1,0,1,0,1,1,0
1009,Grup Travelling,1,0,0,1,0,0,0
1010,Solo Travelling,0,0,0,0,1,1,1
1011,Solo Travelling,1,0,0,1,0,0,0
1012,Solo Travelling,0,1,0,0,0,0,1
1013,Grup Travelling,1,0,0,0,0,0,1
1014,Solo Travelling,0,1,0,0,0,0,1
1015,Solo Travelling,1,0,1,0,0,1,0
1016,Solo Travelling,1,0,1,0,1,0,1
1017,Solo Travelling,0,1,0,0,0,1,0
1018,Solo Travelling,1,1,0,0,0,0,1
1019,Solo Travelling,1,0,0,1,0,0,1
1020,Solo Travelling,0,1,0,0,1,0,0
1021,Grup Travelling,0,0,0,1,0,1,1
1022,Grup Travelling,1,0,0,1,0,1,0
1023,Solo Travelling,0,1,1,0,0,0,0
1024,Solo Travelling,0,0,1,0,0,0,1
1025,Solo Travelling,1,1,0,0,1,0,0
1026,Grup Travelling,0,1,1,1,1,0,0
1027,Solo Travelling,1,0,0,1,1,0,0
1028,Grup Travelling,0,0,1,1,0,0,0
1029,Grup Travelling,0,1,0,1,0,0,0
1030,Grup Travelling,1,1,0,0,1,0,1
1031,Solo Travelling,0,0,1,0,0,1,1
1032,Grup Travelling,0,0,1,1,1,0,0
1033,Solo Travelling,0,0,1,1,1,1,0
1034,Grup Travelling,1,0,1,0,0,0,0
1035,Grup Travelling,1,1,1,0,0,1,0
1036,Solo Travelling,0,0,1,0,1,0,1
1037,Grup Travelling,1,1,0,0,0,0,0
1038,Solo Travelling,0,1,0,0,0,1,0
1039,Grup Travelling,1,0,0,0,1,1,0
1040,Grup Travelling,0,0,0,1,1,0,0
1041,Grup Travelling,0,1,0,0,0,1,1
1042,Solo Travelling,0,0,1,0,1,0,0
1043,Grup Travelling,1,0,1,0,1,1,0
1044,Grup Travelling,0,1,1,0,1,1,0
1045,Solo Travelling,0,1,1,1,1,0,0
1046,Grup Travelling,1,0,0,1,0,0,0
1047,Solo Travelling,1,1,0,0,0,0,0
1048,Solo Travelling,1,1,0,1,1,0,0
1049,Solo Travelling,0,0,1,0,1,0,0
1050,Grup Travelling,0,1,0,0,0,0,1
1051,Solo Travelling,0,1,1,0,0,1,0
1052,Grup Travelling,1,1,0,0,0,0,0
1053,Solo Travelling,1,1,1,0,0,1,0
1054,Grup Travelling,0,0,1,0,0,1,0
1055,Solo Travelling,1,0,1,1,1,0,0
1056,Solo Travelling,0,1,1,0,0,1,0
1057,Solo Travelling,0,0,1,1,0,1,1
1058,Solo Travelling,0,0,0,0,1,1,0
1059,Grup Travelling,0,1,1,0,1,0,1
1060,Grup Travelling,0,0,1,0,0,1,1
1061,Grup Travelling,0,1,0,0,0,1,0
1062,Solo Travelling,0,0,0,0,1,1,0
1063,Solo Travelling,1,0,0,0,1,0,1
1064,Solo Travelling,0,0,1,0,1,0,0
1065,Grup Travelling,1,1,0,0,1,1,0
1066,Solo Travelling,1,1,1,0,0,0,0
1067,Solo Travelling,0,0,1,0,0,0,1
1068,Solo Travelling,1,0,0,0,0,1,0
1069,Solo Travelling,0,0,1,1,0,1,1
1070,Solo Travelling,0,1,1,0,0,0,0
1071,Solo Travelling,1,0,0,0,0,1,0
1072,Grup Travelling,1,0,1,0,0,1,0
1073,Grup Travelling,0,0,0,1,0,0,1
1074,Grup Travelling,0,1,0,1,1,0,1
1075,Solo Travelling,0,0,1,1,1,0,0
1076,Solo Travelling,0,0,0,1,0,0,1
1077,Grup Travelling,0,1,0,0,1,1,1
1078,Solo Travelling,1,0,1,0,0,0,1
1079,Grup Travelling,0,0,1,0,0,0,1
1080,Grup Travelling,1,0,1,0,0,0,0
1081,Grup Travelling,0,1,0,1,0,0,0
1082,Solo Travelling,1,0,1,0,1,0,1
1083,Grup Travelling,1,0,0,1,1,1,0
1084,Grup Travelling,0,1,0,1,1,0,1
1085,Solo Travelling,1,0,1,0,0,0,0
1086,Solo Travelling,0,1,0,1,0,0,0
1087,Grup Travelling,0,0,1,0,1,1,1
1088,Solo Travelling,1,1,1,0,0,0,1
1089,Grup Travelling,0,0,0,1,1,0,0
1090,Grup Travelling,1,1,0,1,0,0,1
1091,Grup Travelling,1,0,0,1,0,0,1
1092,Solo Travelling,0,0,0,0,1,1,1
1093,Solo Travelling,1,1,0,0,0,1,0
1094,Solo Travelling,0,1,0,0,0,1,0
1095,Solo Travelling,1,0,0,1,0,0,1
1096,Solo Travelling,0,0,0,1,0,1,1
1097,Solo Travelling,1,0,1,0,0,1,0
1098,Solo Travelling,0,1,1,1,1,0,0
1099,Solo Travelling,0,1,1,1,0,0,0
1100,Solo Travelling,0,0,1,1,0,0,0
1101,Grup Travelling,0,1,1,0,0,0,1
1102,Grup Travelling,1,1,0,0,1,0,1
1103,Grup Travelling,0,1,1,1,1,0,0
1104,Solo Travelling,1,0,0,1,1,1,0
1105,Solo Travelling,0,1,0,1,1,1,0
1106,Grup Travelling,1,0,1,1,0,0,0
1107,Solo Travelling,1,1,0,0,1,1,0
1108,Solo Travelling,0,0,0,1,0,0,1
1109,Solo Travelling,0,1,0,0,0,0,1
1110,Grup Travelling,1,1,0,0,0,0,0
1111,Grup Travelling,1,0,0,1,0,1,0
1112,Grup Travelling,0,0,0,0,0,1,1
1113,Grup Travelling,0,0,0,0,1,0,1
1114,Grup Travelling,1,0,1,0,0,1,0
1115,Solo Travelling,0,0,0,1,1,0,0
1116,Grup Travelling,0,0,1,0,1,1,0
1117,Solo Travelling,1,0,0,1,1,0,1
1118,Grup Travelling,0,1,0,1,0,0,0
1119,Grup Travelling,0,0,0,0,1,0,1
1120,Solo Travelling,1,0,0,0,1,1,1
1121,Solo Travelling,0,0,1,0,1,0,1
1122,Grup Travelling,0,0,1,1,0,1,0
1123,Solo Travelling,1,1,0,1,1,0,0
1124,Grup Travelling,0,1,0,1,1,0,0
1125,Grup Travelling,1,0,0,1,0,1,1
1126,Solo Travelling,0,1,1,0,0,1,0
1127,Solo Travelling,0,0,0,1,0,1,0
1128,Grup Travelling,1,0,1,0,0,0,1
1129,Grup Travelling,0,0,1,1,0,0,1
1130,Solo Travelling,1,1,0,0,1,1,0
1131,Solo Travelling,0,0,1,1,0,1,0
1132,Solo Travelling,0,0,0,1,1,1,0
1133,Grup Travelling,1,1,0,1,0,1,0
1134,Solo Travelling,0,0,0,1,1,1,0
1135,Solo Travelling,1,0,0,0,1,0,1
1136,Grup Travelling,1,0,1,0,0,0,0
1137,Solo Travelling,1,1,0,1,1,0,0
1138,Grup Travelling,0,1,0,0,0,0,1
1139,Solo Travelling,1,1,0,0,0,0,0
1140,Grup Travelling,1,1,1,0,0,0,0
1141,Grup Travelling,0,0,1,1,1,0,0
1142,Solo Travelling,1,0,0,0,0,1,1
1143,Grup Travelling,0,0,1,1,0,0,0
1144,Solo Travelling,0,1,1,1,0,0,1
1145,Solo Travelling,1,1,1,0,0,0,0
1146,Grup Travelling,1,0,0,1,0,0,1
1147,Solo Travelling,0,0,0,0,1,0,1
1148,Grup Travelling,0,1,0,0,0,0,1
1149,Grup Travelling,0,1,1,0,0,1,1
1150,Grup Travelling,1,0,0,1,1,1,0
1151,Grup Travelling,0,1,0,0,0,1,1
1152,Grup Travelling,1,1,1,0,0,0,1
1153,Grup Travelling,0,0,1,1,0,1,1
1154,Grup Travelling,0,0,1,1,0,0,1
1155,Grup Travelling,0,1,1,1,0,0,0
1156,Solo Travelling,1,0,0,1,1,0,1
1157,Grup Travelling,0,0,0,0,1,1,0
1158,Grup Travelling,0,0,0,0,1,1,1
1159,Solo Travelling,1,0,1,1,0,0,1
1160,Grup Travelling,0,0,1,0,0,0,1
1161,Solo Travelling,0,0,1,0,1,1,1
1162,Grup Travelling,0,1,0,0,1,0,0
1163,Solo Travelling,1,0,0,0,1,0,0
1164,Solo Travelling,0,1,1,0,0,1,0
1165,Grup Travelling,1,0,1,1,0,1,0
1166,Grup Travelling,0,0,0,1,0,1,1
1167,Solo Travelling,1,1,0,0,1,1,0
1168,Solo Travelling,0,1,0,0,0,1,1
1169,Solo Travelling,0,0,1,1,1,1,0
1170,Solo Travelling,0,1,1,0,1,1,0
1171,Solo Travelling,1,1,0,1,0,0,0
1172,Solo Travelling,0,1,1,0,1,1,0
1173,Grup Travelling,1,1,1,0,0,1,0
1174,Solo Travelling,0,1,1,0,0,1,0
1175,Grup Travelling,0,0,1,0,0,1,1
1176,Grup Travelling,0,0,1,1,1,0,0
1177,Solo Travelling,1,0,0,1,0,0,0
1178,Solo Travelling,1,0,0,0,1,1,1
1179,Solo Travelling,1,1,0,0,1,0,0
1180,Grup Travelling,0,0,1,1,1,0,1
1181,Solo Travelling,0,1,0,0,0,0,1
1182,Solo Travelling,0,1,1,0,0,0,0
1183,Grup Travelling,0,1,0,1,1,0,0
1184,Grup Travelling,0,1,0,0,0,1,1
1185,Grup Travelling,0,0,1,1,0,0,0
1186,Solo Travelling,1,1,1,0,1,0,0
1187,Grup Travelling,0,1,1,0,0,1,0
1188,Grup Travelling,1,1,0,1,0,0,1
1189,Solo Travelling,0,0,0,1,1,0,0
1190,Solo Travelling,0,0,0,1,1,1,1
1191,Solo Travelling,1,0,0,0,1,0,1
1192,Grup Travelling,0,0,1,0,0,1,0
1193,Grup Travelling,0,0,1,0,1,0,0
1194,Solo Travelling,1,0,0,0,0,1,0
1195,Solo Travelling,0,0,0,0,0,1,1
1196,Solo Travelling,0,1,0,0,0,1,0
1197,Grup Travelling,1,1,1,0,0,0,0
1198,Solo Travelling,0,0,1,0,1,0,1
1199,Solo Travelling,1,0,0,0,0,0,1
1200,Solo Travelling,0,0,1,1,1,0,0
1201,Grup Travelling,0,1,1,1,1,0,0
1202,Grup Travelling,0,1,1,1,0,0,0
1203,Grup Travelling,0,0,0,1,0,0,1
1204,Grup Travelling,0,1,0,0,0,0,1
1205,Grup Travelling,1,1,0,0,0,1,1
1206,Grup Travelling,0,0,1,0,0,1,0
1207,Grup Travelling,1,0,1,1,0,0,1
1208,Grup Travelling,1,0,0,0,1,1,1
1209,Solo Travelling,1,0,0,0,1,1,1
1210,Grup Travelling,1,0,0,1,1,1,0
1211,Grup Travelling,0,0,1,0,1,0,0
1212,Grup Travelling,0,1,0,0,0,1,1
1213,Solo Travelling,1,0,1,0,0,1,1
1214,Solo Travelling,1,0,0,0,1,1,0
1215,Grup Travelling,0,1,0,0,1,0,1
1216,Solo Travelling,1,0,0,0,1,0,1
1217,Grup Travelling,1,0,1,0,1,1,0
1218,Grup Travelling,0,1,0,1,0,0,0
1219,Grup Travelling,0,1,1,0,1,0,1
1220,Solo Travelling,0,0,1,1,0,1,0
1221,Solo Travelling,1,0,0,0,1,0,0
1222,Solo Travelling,0,1,0,1,0,1,0
1223,Grup Travelling,1,1,0,0,0,1,0
1224,Grup Travelling,1,0,0,1,1,0,1
1225,Solo Travelling,1,0,0,0,1,0,0
1226,Solo Travelling,0,0,0,0,0,1,1
1227,Grup Travelling,0,0,1,0,0,1,0
1228,Grup Travelling,0,0,1,1,0,0,0
1229,Grup Travelling,1,0,0,1,0,1,0
1230,Solo Travelling,1,0,0,0,0,0,1
1231,Solo Travelling,0,0,1,0,0,1,1
1232,Grup Travelling,1,0,0,0,0,1,1
1233,Grup Travelling,1,1,0,0,0,0,0
1234,Solo Travelling,0,1,1,0,1,1,0
1235,Solo Travelling,1,0,1,0,1,0,0
1236,Grup Travelling,0,1,1,0,0,0,1
1237,Solo Travelling,0,0,0,1,0,0,1
1238,Grup Travelling,0,0,1,1,0,1,0
1239,Grup Travelling,1,1,0,0,0,1,0
1240,Grup Travelling,0,0,0,0,0,1,1
1241,Grup Travelling,0,1,0,0,0,0,1
1242,Solo Travelling,0,0,0,1,1,0,0
1243,Solo Travelling,0,0,0,1,1,0,1
1244,Grup Travelling,0,0,0,1,1,0,0
1245,Solo Travelling,1,1,0,0,1,0,0
1246,Grup Travelling,1,0,0,1,0,0,1
1247,Solo Travelling,1,0,1,0,0,0,1
1248,Solo Travelling,1,1,1,0,1,0,0
1249,Grup Travelling,1,0,1,0,1,0,1
1250,Solo Travelling,0,1,0,0,0,1,1
1251,Grup Travelling,0,0,1,1,0,1,0
1252,Grup Travelling,0,0,0,0,1,0,1
1253,Solo Travelling,1,1,0,1,0,0,1
1254,Grup Travelling,1,1,0,0,0,0,1
1255,Solo Travelling,0,1,1,0,0,0,1
1256,Solo Travelling,1,1,0,0,1,0,0
1257,Grup Travelling,0,1,0,1,0,1,1
1258,Grup Travelling,0,0,0,1,0,0,1
1259,Solo Travelling,1,0,0,1,1,0,1
1260,Grup Travelling,1,0,0,1,0,0,1
1261,Solo Travelling,0,0,0,1,0,0,1
1262,Solo Travelling,0,0,0,0,1,0,1
1263,Grup Travelling,1,0,0,0,0,0,1
1264,Grup Travelling,0,1,1,0,1,1,0
1265,Grup Travelling,0,0,1,1,1,1,0
1266,Grup Travelling,0,1,0,0,0,0,1
1267,Solo Travelling,0,0,1,0,1,1,0
1268,Solo Travelling,0,0,1,1,0,1,1
1269,Solo Travelling,1,0,0,0,0,1,0
1270,Solo Travelling,1,0,1,0,0,0,0
1271,Grup Travelling,0,0,1,0,0,1,1
1272,Grup Travelling,1,0,1,0,1,0,1
1273,Grup Travelling,0,1,0,1,0,0,0
1274,Grup Travelling,1,0,0,1,0,1,1
1275,Grup Travelling,0,1,0,0,1,1,0
1276,Grup Travelling,0,0,0,1,0,0,1
1277,Grup Travelling,0,1,0,1,0,0,0
1278,Solo Travelling,1,0,1,1,0,1,0
1279,Solo Travelling,1,0,0,0,1,1,1
1280,Grup Travelling,0,0,0,1,1,1,0
1281,Grup Travelling,1,1,0,1,1,0,0
1282,Solo Travelling,0,1,0,1,1,0,1
1283,Grup Travelling,1,1,0,0,1,1,0
1284,Solo Travelling,0,0,0,0,1,1,1
1285,Solo Travelling,0,0,0,1,1,1,0
1286,Grup Travelling,0,1,1,1,0,1,0
1287,Grup Travelling,0,1,1,1,0,0,0
1288,Solo Travelling,0,0,0,1,1,0,0
1289,Grup Travelling,0,0,1,0,1,1,1
1290,Solo Travelling,0,1,0,0,1,1,1
1291,Solo Travelling,0,0,0,0,1,1,0
1292,Solo Travelling,0,1,1,0,0,1,0
1293,Grup Travelling,0,1,1,0,1,1,0
1294,Grup Travelling,1,0,1,1,1,0,0
1295,Grup Travelling,0,0,1,1,1,1,0
1296,Grup Travelling,1,0,0,0,1,0,1
1297,Solo Travelling,1,0,0,1,0,0,0
1298,Solo Travelling,1,0,0,0,0,1,0
1299,Grup Travelling,0,1,1,0,0,0,0
1300,Solo Travelling,0,0,1,0,0,1,0
1301,Grup Travelling,1,1,1,0,0,0,0
1302,Grup Travelling,0,0,0,0,1,0,1
1303,Solo Travelling,0,0,1,1,0,0,0
1304,Grup Travelling,0,0,0,0,1,1,0
1305,Grup Travelling,0,1,0,1,1,0,1
1306,Grup Travelling,0,0,0,0,1,1,0
1307,Solo Travelling,1,0,0,0,0,1,1
1308,Solo Travelling,0,0,1,1,0,0,1
1309,Solo Travelling,1,1,1,0,0,0,1
1310,Solo Travelling,0,1,1,1,0,0,1
1311,Solo Travelling,0,1,0,0,1,1,1
1312,Grup Travelling,0,1,1,1,0,0,1
1313,Solo Travelling,1,1,0,0,0,1,1
1314,Grup Travelling,1,0,1,1,0,0,0
1315,Grup Travelling,0,1,1,0,0,1,1
1316,Grup Travelling,0,0,1,1,0,0,0
1317,Solo Travelling,1,1,1,0,0,0,1
1318,Grup Travelling,1,0,1,0,1,1,0
1319,Solo Travelling,0,0,0,0,1,1,1
1320,Grup Travelling,1,0,1,0,0,1,0
1321,Grup Travelling,1,1,0,0,1,0,1
1322,Solo Travelling,0,1,0,1,1,1,0
1323,Grup Travelling,0,1,1,0,0,0,0
1324,Grup Travelling,0,0,1,0,0,1,0
1325,Grup Travelling,0,1,1,0,0,0,1
1326,Grup Travelling,1,0,0,1,1,0,1
1327,Solo Travelling,0,0,1,0,0,1,0
1328,Solo Travelling,0,1,0,0,1,1,0
1329,Solo Travelling,1,1,1,1,0,0,0
1330,Grup Travelling,0,0,1,1,0,0,0
1331,Grup Travelling,1,0,1,0,0,1,1
1332,Solo Travelling,0,0,0,1,1,1,1
1333,Grup Travelling,0,0,1,0,0,1,0
1334,Grup Travelling,0,0,1,0,1,0,0
1335,Solo Travelling,1,1,0,0,0,0,0
1336,Grup Travelling,1,1,0,0,1,1,0
1337,Grup Travelling,1,1,0,1,0,1,0
1338,Solo Travelling,0,0,0,0,1,1,0
1339,Solo Travelling,1,1,0,1,0,0,1
1340,Grup Travelling,0,0,0,1,0,1,0
1341,Solo Travelling,1,0,0,0,0,1,1
1342,Solo Travelling,0,1,1,0,0,0,0
1343,Grup Travelling,1,1,1,0,1,0,0
1344,Solo Travelling,0,0,0,1,0,1,1
1345,Grup Travelling,1,0,1,1,0,0,0
1346,Grup Travelling,1,0,0,0,1,1,1
1347,Solo Travelling,1,0,1,0,1,1,0
1348,Solo Travelling,1,0,1,0,0,1,1
1349,Grup Travelling,0,0,0,1,0,1,1
1350,Grup Travelling,1,0,0,0,0,1,1
1351,Solo Travelling,0,1,0,0,1,0,1
1352,Solo Travelling,0,0,0,1,0,1,0
1353,Solo Travelling,0,1,1,0,0,1,1
1354,Solo Travelling,1,0,1,0,0,1,1
1355,Solo Travelling,1,1,0,0,1,0,1
1356,Grup Travelling,1,0,0,0,1,0,0
1357,Solo Travelling,1,0,0,1,1,1,0
1358,Grup Travelling,0,1,1,0,0,1,0
1359,Grup Travelling,0,0,0,1,0,1,0
1360,Grup Travelling,0,1,0,0,1,1,1
1361,Solo Travelling,1,1,1,0,0,0,1
1362,Solo Travelling,0,0,0,0,1,1,0
1363,Grup Travelling,0,0,0,0,1,0,1
1364,Grup Travelling,1,0,0,0,1,1,0
1365,Grup Travelling,1,0,1,0,0,1,0
1366,Grup Travelling,0,1,0,0,0,1,0
1367,Grup Travelling,0,1,1,1,0,1,0
1368,Grup Travelling,1,1,1,0,0,1,0
1369,Solo Travelling,1,1,1,1,0,0,0
1370,Solo Travelling,0,0,1,0,1,0,1
1371,Solo Travelling,0,1,1,0,1,0,1
1372,Grup Travelling,1,1,0,1,0,0,0
1373,Grup Travelling,0,1,0,1,0,0,1
1374,Grup Travelling,0,1,1,0,0,0,1
1375,Solo Travelling,0,0,1,1,1,1,0
1376,Grup Travelling,0,0,1,1,0,0,1
1377,Grup Travelling,1,1,0,0,1,0,1
1378,Solo Travelling,0,1,0,0,1,0,1
1379,Solo Travelling,0,0,1,0,0,1,0
1380,Solo Travelling,1,0,0,0,1,1,1
1381,Solo Travelling,1,0,0,1,1,1,0
1382,Solo Travelling,1,1,1,0,1,0,0
1383,Solo Travelling,0,1,1,1,1,0,0
1384,Grup Travelling,0,1,1,0,1,0,0
1385,Solo Travelling,0,0,0,1,1,0,0
1386,Solo Travelling,1,0,1,1,0,0,1
1387,Grup Travelling,0,1,0,0,1,1,1
1388,Grup Travelling,0,1,0,0,1,0,1
1389,Grup Travelling,0,1,1,1,0,1,0
1390,Grup Travelling,0,1,0,1,0,0,0
1391,Solo Travelling,1,0,1,0,0,0,0
1392,Solo Travelling,1,1,0,0,0,0,1
1393,Grup Travelling,0,0,1,1,1,0,1
1394,Solo Travelling,1,0,1,0,0,0,1
1395,Solo Travelling,0,0,0,0,1,1,0
1396,Solo Travelling,0,1,1,0,0,1,1
1397,Solo Travelling,0,0,1,1,0,1,0
1398,Solo Travelling,1,0,1,0,1,1,0
1399,Grup Travelling,0,1,0,1,1,0,0
1400,Solo Travelling,0,0,1,1,0,0,1
1401,Solo Travelling,1,0,0,0,1,0,1
1402,Grup Travelling,0,1,0,1,0,0,0
1403,Solo Travelling,1,0,0,0,1,0,0
1404,Grup Travelling,0,1,1,0,1,1,0
1405,Solo Travelling,0,0,1,0,1,0,0
1406,Solo Travelling,1,1,0,1,0,0,1
1407,Grup Travelling,1,0,0,1,0,1,0
1408,Solo Travelling,0,1,0,1,1,0,1
1409,Grup Travelling,1,1,0,1,0,0,1
1410,Solo Travelling,0,1,0,0,1,0,0
1411,Solo Travelling,1,1,0,0,1,0,1
1412,Grup Travelling,1,1,1,0,0,0,1
1413,Grup Travelling,0,0,0,1,1,0,0
1414,Solo Travelling,1,0,1,0,1,1,0
1415,Solo Travelling,0,1,0,1,0,0,0
1416,Solo Travelling,0,1,0,1,1,0,1
1417,Grup Travelling,0,1,0,0,1,0,1
1418,Grup Travelling,0,0,0,0,1,1,0
1419,Grup Travelling,0,1,1,1,0,0,1
1420,Grup Travelling,1,1,0,1,1,0,0
1421,Grup Travelling,1,1,0,0,0,1,0
1422,Solo Travelling,0,0,0,0,1,0,1
1423,Grup Travelling,1,1,0,1,1,0,0
1424,Solo Travelling,0,0,0,1,1,0,0
1425,Grup Travelling,1,0,0,0,1,1,1
1426,Solo Travelling,0,0,0,1,0,1,0
1427,Solo Travelling,0,0,0,0,1,0,1
1428,Solo Travelling,0,0,0,0,0,1,1
1429,Grup Travelling,0,0,1,1,1,0,1
1430,Solo Travelling,0,0,0,0,1,1,0
1431,Grup Travelling,0,1,0,1,0,1,0
1432,Grup Travelling,0,0,0,0,1,1,1
1433,Grup Travelling,0,1,0,1,0,0,0
1434,Grup Travelling,1,1,0,1,0,0,0
1435,Grup Travelling,0,0,0,1,1,0,1
1436,Grup Travelling,1,1,0,0,0,1,0
1437,Solo Travelling,1,0,0,0,1,1,1
1438,Solo Travelling,0,1,1,0,0,1,0
1439,Grup Travelling,1,1,1,0,0,0,0
1440,Solo Travelling,0,0,1,0,1,1,0
1441,Grup Travelling,0,0,0,1,1,0,1
1442,Grup Travelling,0,0,1,1,1,0,1
1443,Grup Travelling,0,0,0,1,1,0,0
1444,Solo Travelling,0,1,1,1,0,0,1
1445,Solo Travelling,0,0,1,0,1,0,1
1446,Solo Travelling,1,1,0,1,0,1,0
1447,Solo Travelling,1,1,0,1,0,0,1
1448,Solo Travelling,0,0,0,1,1,0,0
1449,Grup Travelling,0,0,0,0,1,1,1
1450,Solo Travelling,1,1,0,0,0,1,1
1451,Grup Travelling,1,0,0,0,0,1,1
1452,Solo Travelling,0,0,0,1,1,0,0
1453,Solo Travelling,1,0,1,0,0,0,1
1454,Grup Travelling,1,0,1,0,0,0,0
1455,Solo Travelling,1,0,0,1,1,1,0
1456,Solo Travelling,1,0,1,0,1,1,0
1457,Grup Travelling,0,0,0,1,0,1,0
1458,Grup Travelling,1,1,0,0,1,0,0
1459,Solo Travelling,1,1,0,0,1,0,0
1460,Grup Travelling,0,1,0,0,1,1,1
1461,Grup Travelling,1,1,1,0,0,0,1
1462,Solo Travelling,1,0,1,0,0,0,0
1463,Grup Travelling,0,0,1,1,0,1,0
1464,Solo Travelling,0,1,0,0,1,0,1
1465,Grup Travelling,0,0,0,0,0,1,1
1466,Solo Travelling,1,0,0,0,1,0,0
1467,Grup Travelling,0,0,0,0,1,1,1
1468,Solo Travelling,0,1,1,0,0,0,1
1469,Solo Travelling,1,1,0,1,0,1,0
1470,Solo Travelling,0,1,0,1,1,0,0
1471,Solo Travelling,1,0,0,0,1,0,0
1472,Solo Travelling,1,0,1,0,0,1,1
1473,Solo Travelling,0,0,1,1,1,0,1
1474,Grup Travelling,0,1,0,1,1,0,0
1475,Solo Travelling,0,0,0,1,0,1,1
1476,Grup Travelling,1,0,0,1,0,1,1
1477,Grup Travelling,1,1,0,1,0,0,0
1478,Grup Travelling,0,1,1,1,0,1,0
1479,Grup Travelling,1,0,0,0,1,0,1
1480,Solo Travelling,0,1,1,0,0,1,1
1481,Grup Travelling,0,0,0,1,0,1,0
1482,Solo Travelling,1,1,1,0,0,0,1
1483,Grup Travelling,0,1,1,0,0,0,1
1484,Grup Travelling,0,1,1,1,0,1,0
1485,Grup Travelling,0,1,1,0,0,1,1
1486,Solo Travelling,0,1,0,0,0,0,1
1487,Grup Travelling,0,0,0,0,1,0,1
1488,Solo Travelling,1,1,0,0,0,1,0
1489,Grup Travelling,0,0,0,0,0,1,1
1490,Grup Travelling,1,0,0,0,1,0,1
1491,Grup Travelling,0,0,0,1,0,0,1
1492,Solo Travelling,0,0,1,1,1,0,0
1493,Grup Travelling,0,1,1,1,0,0,1
1494,Solo Travelling,0,1,1,1,1,0,0
1495,Grup Travelling,0,0,0,1,1,0,0
1496,Solo Travelling,1,0,0,0,1,0,1
1497,Grup Travelling,0,1,0,1,0,1,0
1498,Solo Travelling,1,0,0,0,1,1,0
1499,Grup Travelling,1,0,1,0,0,1,0
1500,Grup Travelling,0,1,0,0,0,1,0
